sample_name,var1
sample_1,NA
sample_1,NA
sample_1,-0.8413611047921519
sample_1,NA
sample_1,NA
sample_1,-0.16576540022881292
sample_1,NA
sample_1,1.1259131219371903
sample_1,-0.16576540022881292
sample_1,NA
