sample_name,var1
sample_5,NA
sample_5,-0.2261500974886659
sample_5,-0.2261500974886659
sample_5,-2.498756972383265
sample_5,-0.5111899979591005
sample_5,NA
sample_5,-0.9496541711315283
sample_5,-0.2261500974886659
sample_5,NA
sample_5,-0.2261500974886659
