sample_name,var1
sample_3,NA
sample_3,NA
sample_3,-0.5254868408351046
sample_3,NA
sample_3,-0.14113048540283965
sample_3,NA
sample_3,NA
sample_3,-0.06544994482939182
sample_3,-0.14113048540283965
sample_3,-0.5254868408351046
