sample_name,var1
sample_2,NA
sample_2,0.5910731181876921
sample_2,2.155592849435482
sample_2,NA
sample_2,NA
sample_2,NA
sample_2,NA
sample_2,1.4606805995992271
sample_2,2.155592849435482
sample_2,2.155592849435482
