sample_name,var1
sample_4,NA
sample_4,NA
sample_4,-0.9091433401610894
sample_4,-1.0605565546069375
sample_4,-0.3000603146154771
sample_4,NA
sample_4,NA
sample_4,NA
sample_4,-0.9091433401610894
sample_4,NA
